phrase,frequency,tfidf_score,pmi_score,method_count,overlaps_seed,word_count,frequency_norm,tfidf_score_norm,pmi_score_norm,composite_score
feel like,4976,0.01180331026976165,4.507266787155048,3,True,2,1.0,0.21498357337143711,0.17068210270069806,0.5778823138829988
feel,0,0.05490331230734788,0.0,1,True,1,0.0,1.0,0.0,0.38
news update,674,0.000605529115456512,10.609884741330719,4,True,2,0.1354501607717042,0.01102900881583919,0.40177729044643834,0.3437477585247587
watching series,546,0.0005858799583039157,10.743402873612002,4,True,2,0.10972668810289389,0.010671122263519711,0.406833382451328,0.3369524634870137
power nap,406,0.0004374687041180522,11.666720513158673,4,True,2,0.08159163987138264,0.007967983819794137,0.44179776410887417,0.33482904073813813
good luck,640,0.0012056983247493115,8.712585350014242,4,True,2,0.12861736334405144,0.021960393172634672,0.32992996814336856,0.3300613009250478
walk meditation,417,0.00045176484789415474,10.870097184391442,4,True,2,0.08380225080385852,0.008228371457175155,0.41163106858467974,0.3295239818223873
schedule havoc,20,0.0,17.754532929172264,3,True,2,0.0040192926045016075,0.0,0.6723322927003081,0.3256722463214121
good meal,604,0.0006630785484530183,8.641556966849548,4,True,2,0.12138263665594855,0.012077204827663494,0.32724025076863267,0.32488214235742696
playlist gamble,32,0.0,17.307073952201044,3,True,2,0.006430868167202572,0.0,0.6553878244297807,0.3230068253361169
streaming youtube,655,0.0007755909836172065,11.263519158030041,3,True,2,0.13163183279742766,0.014126488020894994,0.42652925253524177,0.3183270223515004
browsing bonanza,22,0.0,20.28435387570096,2,True,2,0.0044212218649517685,0.0,0.7681320709251808,0.3149527807445217
entry gamble,26,0.0,16.16957042845111,3,True,2,0.00522508038585209,0.0,0.6123126078004054,0.3140300456758367
audio books,543,0.0006240636939267168,11.540201454726878,3,True,2,0.10912379421221866,0.011366594613330758,0.4370067144673504,0.3129801298104684
app lockdown,26,0.0,15.909314444354035,3,True,2,0.00522508038585209,0.0,0.6024571808412734,0.31205896028401037
nt think,477,0.0,15.697905086205834,2,True,2,0.09586012861736334,0.0,0.5944514879272944,0.3076483361706679
travel purge,47,0.0,15.140186621670015,3,True,2,0.009445337620578777,0.0,0.5733316907781083,0.3074999394417953
nj transit,8,0.0,15.413496011337198,3,True,2,0.001607717041800643,0.0,0.5836814267753608,0.3072186004676124
celebrate twow,6,0.0,15.272381234034885,3,True,2,0.0012057877813504824,0.0,0.5783376634594773,0.3060292690263006
dour festival,6,0.0,15.169570428451108,3,True,2,0.0012057877813504824,0.0,0.5744444027970731,0.30525061689381977
pulp fiction,6,0.0,15.146850351951025,3,True,2,0.0012057877813504824,0.0,0.5735840342824766,0.30507854319090044
skip reservations,24,0.0,14.880063811256123,3,True,2,0.00482315112540193,0.0,0.5634813068673122,0.304143206711083
non existent,24,0.0,14.79433393723024,3,True,2,0.00482315112540193,0.0,0.5602348704227902,0.3034939194221786
clarity champ,12,0.0,14.861448133088777,3,True,2,0.002411575562700965,0.0,0.5627763645501951,0.3032787455788493
got ta,346,0.0,16.140090550241062,2,True,2,0.06953376205787781,0.0,0.6111962577288741,0.3030993801631382
cps investigation,6,0.0,14.880063811256123,3,True,2,0.0012057877813504824,0.0,0.5634813068673122,0.30305799770786757
audio roulette,36,0.0,14.631150513666983,3,True,2,0.007234726688102894,0.0,0.5540554070861512,0.30298149942366115
coding tutorial,223,0.00022970044948553495,12.966316757239788,3,True,2,0.04481511254019293,0.004183726624719388,0.49101114110129845,0.30269269363849743
directional treadmill,3,0.0,18.644350011421842,2,True,2,0.0006028938906752412,0.0,0.7060280683864022,0.301386481844483
meal reddit,458,0.00046571572883283524,10.770838736521574,3,True,2,0.09204180064308681,0.008482470533394524,0.407872329332431,0.3013076236927609
sicko mode,9,0.0,14.607691540842994,3,True,2,0.0018086816720257234,0.0,0.5531670578940848,0.30117601608042466
feel little,674,0.0020861099018077713,4.043280203358414,4,True,2,0.1354501607717042,0.03799606643274564,0.1531117636266913,0.3007564175650359
seamless flow,31,0.0,14.294580951632703,3,True,2,0.006229903536977492,0.0,0.5413101219131553,0.30013099544372435
unleash rage,8,0.0,14.446410633809933,3,True,2,0.001607717041800643,0.0,0.5470596394434334,0.2998942430012269
nt worry,111,0.0,17.429513564533753,2,True,2,0.022307073954983922,0.0,0.6600243927701243,0.29869700074052
nt help,233,0.0,16.363578070150385,2,True,2,0.04682475884244373,0.0,0.6196593289484866,0.29797929344243046
plan perfection,22,0.0,14.059387510700686,3,True,2,0.0044212218649517685,0.0,0.5324037684765026,0.29780712025478606
australis protected,3,0.0,18.146850351951024,2,True,2,0.0006028938906752412,0.0,0.6871886492924733,0.29761859802569723
bombed mosque,3,0.0,18.146850351951024,2,True,2,0.0006028938906752412,0.0,0.6871886492924733,0.29761859802569723
m feeling,1342,0.0,7.453277705915406,2,True,2,0.2696945337620579,0.0,0.28224224811437043,0.2973568097514915
clarity king,26,0.0,13.96098380663969,3,True,2,0.00522508038585209,0.0,0.5286773968380336,0.29730300348336236
prayer fasting,284,0.00030994880437724265,11.65961890391275,3,True,2,0.05707395498392283,0.005645357107821731,0.441528838914096,0.29683929355495153
meditation shower,317,0.0003532915174272264,11.307507454319957,3,True,2,0.06370578778135048,0.0064347942333516425,0.4281950103568956,0.29635943696412215
seek abortions,6,0.0,13.880063811256123,3,True,2,0.0012057877813504824,0.0,0.5256131018639799,0.29548435670720113
fortnite ar,6,0.0,13.78636901629427,3,True,2,0.0012057877813504824,0.0,0.5220650481606193,0.294774745966529
language learning,312,0.0003086247496087519,11.159290250592504,3,True,2,0.06270096463022508,0.005621240989634202,0.42258229090112376,0.29473205781670087
poor basrard,6,0.0,13.774710811109895,3,True,2,0.0012057877813504824,0.0,0.5216235728567264,0.2946864509057504
nt care,151,0.0,16.55870660398519,2,True,2,0.030345659163987137,0.0,0.6270484962697426,0.29451339700314466
simplistic understanding,6,0.0,13.743128165900016,3,True,2,0.0012057877813504824,0.0,0.5204275947733713,0.29444725528907945
budget adventure,30,0.0,13.269106102002024,3,True,2,0.006028938906752411,0.0,0.5024772300815794,0.2923041276883416
marathon curb,6,0.0,13.439491219870142,3,True,2,0.0012057877813504824,0.0,0.5089294086545263,0.2921476180653104
planless joy,37,0.0,13.175829418922792,3,True,2,0.007435691318327975,0.0,0.4989450095247042,0.29201970930043925
swift flow,14,0.0,13.355222302972539,3,True,2,0.0028135048231511255,0.0,0.5057382960340391,0.2919917106537532
avoid inevitability,6,0.0,13.378666027174098,3,True,2,0.0012057877813504824,0.0,0.5066260677881453,0.29168694989203425
headlines insufferable,3,0.0,17.33949542989342,2,True,2,0.0006028938906752412,0.0,0.6566155675935467,0.29150398168591196
lose weight,93,0.0,8.66081984458191,4,True,2,0.018689710610932476,0.0,0.3279697013715559,0.29120085345759095
gudger college,6,0.0,13.313960337786284,3,True,2,0.0012057877813504824,0.0,0.5041757794775256,0.2911968922299103
episode ix,10,0.0,13.27648563236762,3,True,2,0.0020096463022508037,0.0,0.5027566796502921,0.2911542298207337
music roulette,10,0.0,13.254459326037622,3,True,2,0.0020096463022508037,0.0,0.5019225829667217,0.29098741048401955
series news,362,0.00037919067344233473,10.179502666621584,3,True,2,0.0727491961414791,0.006906517248351635,0.38547949381159335,0.2906472869168503
assemble computer,6,0.0,13.22798711467643,3,True,2,0.0012057877813504824,0.0,0.5009201278400045,0.29054576190240605
drink soythress,6,0.0,13.210212412948454,3,True,2,0.0012057877813504824,0.0,0.5002470317910964,0.29041114269262447
sundogs provided,3,0.0,17.177224000994546,2,True,2,0.0006028938906752412,0.0,0.6504706398578204,0.29027499613876667
craft weapons,6,0.0,13.161957244341233,3,True,2,0.0012057877813504824,0.0,0.49841969517380774,0.2900456753691667
video suspense,34,0.0,12.929391523619692,3,True,2,0.006832797427652733,0.0,0.48961284878477673,0.2899724089852512
yomis voice,7,0.0,13.11894435538114,3,True,2,0.0014067524115755627,0.0,0.4967908742768814,0.28978020057884896
help supreme,86,0.0,12.466225061560905,3,True,2,0.017282958199356914,0.0,0.4720735662488665,0.28959960070958035
books writing,278,0.00027663040518207,10.7448505307424,3,True,2,0.055868167202572344,0.005038501204326204,0.4068882026283165,0.28939771598751657
wei rage,3,0.0,17.03137313453109,2,True,2,0.0006028938906752412,0.0,0.6449475293466685,0.28917037403653634
tadger staring,3,0.0,16.97692535050871,2,True,2,0.0006028938906752412,0.0,0.642885689499332,0.28875800606706903
burst bubble,14,0.0,12.92422792741905,3,True,2,0.0028135048231511255,0.0,0.48941731266529637,0.2887275139800046
celebrate overeating,6,0.0,12.950453139147521,3,True,2,0.0012057877813504824,0.0,0.49041041435928595,0.2884438192062624
checkout timeout,7,0.0,12.906059019789069,3,True,2,0.0014067524115755627,0.0,0.48872928874647764,0.2881678834727682
clinical depression,8,0.0,12.894184919500777,3,True,2,0.001607717041800643,0.0,0.4882796378825305,0.2881382426890463
long time,258,0.0007748188170416872,6.454416902279826,4,True,2,0.05184887459807074,0.014112423904486191,0.2444171824325051,0.2879662048420438
disrupt trip,31,0.0,12.658508074418501,3,True,2,0.006229903536977492,0.0,0.47935497879841626,0.2877399668207765
internal conflict,9,0.0,12.824922257063664,3,True,2,0.0018086816720257234,0.0,0.4856567851822853,0.2876739615380648
nt deserve,46,0.0,16.470739963171674,2,True,2,0.009244372990353697,0.0,0.6237173574819619,0.2875167833934985
financial thrill,33,0.0,12.599955892063388,3,True,2,0.006631832797427652,0.0,0.4771377127536004,0.2874170923899484
shopping quest,12,0.0,12.724785585778212,3,True,2,0.002411575562700965,0.0,0.48186478918569653,0.2870964305059496
testical festival,3,0.0,16.754532929172264,2,True,2,0.0006028938906752412,0.0,0.6344640876969759,0.28707368570659775
endless scrolling,6,0.0,12.754532929172266,3,True,2,0.0012057877813504824,0.0,0.48299126768364703,0.2869599898711346
nt respond,12,0.0,16.665723662214408,2,True,2,0.002411575562700965,0.0,0.6311010401696202,0.28694368070273435
sang sang,3,0.0,16.73181285267218,2,True,2,0.0006028938906752412,0.0,0.6336037191823795,0.2869016120036785
post history,57,0.0,8.35985217128463,4,True,2,0.011454983922829582,0.0,0.3165725958197585,0.2867510143408006
nt count,20,0.0,16.573960683530444,2,True,2,0.0040192926045016075,0.0,0.6276261408810995,0.28673101595757033
vodka scotch,3,0.0,16.687418733313727,2,True,2,0.0006028938906752412,0.0,0.6319225935695711,0.2865653868811168
writing watching,291,0.00028823915004024615,10.231376474692212,3,True,2,0.05848070739549839,0.0052499409949383,0.3874438618099154,0.28634546982936715
skip plans,41,0.0,12.390381813968077,3,True,2,0.008239549839228295,0.0,0.46920151860090276,0.2863121686719491
darwin road,6,0.0,12.668417771383671,3,True,2,0.0012057877813504824,0.0,0.4797302412346143,0.286307784581328
isolation scorers,3,0.0,16.644350011421842,2,True,2,0.0006028938906752412,0.0,0.6302916583797377,0.28623919984315016
device nt,3,0.0,16.644350011421842,2,True,2,0.0006028938906752412,0.0,0.6302916583797377,0.28623919984315016
comfort zone,17,0.0,12.555461582070436,3,True,2,0.0034163987138263667,0.0,0.47545279310130545,0.28611547823440897
swallowing stuffed,3,0.0,16.602529835727214,2,True,2,0.0006028938906752412,0.0,0.6287080033932582,0.28592246884585426
feel bite,367,0.0010431726692567557,5.150015232734783,4,True,2,0.0737540192926045,0.01900017731930437,0.19502183260348457,0.28588061663830433
budget mastery,7,0.0,16.56188785122987,2,True,2,0.0014067524115755627,0.0,0.6271689643925704,0.2858558186019867
fresno state,8,0.0,12.580796313779933,3,True,2,0.001607717041800643,0.0,0.4764121739153851,0.2857647498956172
seek forgiveness,9,0.0,12.558135716368762,3,True,2,0.0018086816720257234,0.0,0.4755540577671209,0.2856534160550319
ta scroll,3,0.0,16.56188785122987,2,True,2,0.0006028938906752412,0.0,0.6271689643925704,0.28561466104571664
haircuts stretched,3,0.0,16.56188785122987,2,True,2,0.0006028938906752412,0.0,0.6271689643925704,0.28561466104571664
fasting walk,256,0.00030392219150974197,10.388620629701444,3,True,2,0.05144694533762058,0.0055355893613192285,0.3933984157073808,0.2854976640830922
disbelieve media,6,0.0,12.546937509763898,3,True,2,0.0012057877813504824,0.0,0.47513000178373826,0.2853877366911528
mount doom,6,0.0,12.535825554643672,3,True,2,0.0012057877813504824,0.0,0.4747092119892577,0.28530357873225665
stop conks,6,0.0,12.505400659883396,3,True,2,0.0012057877813504824,0.0,0.47355707583727075,0.2850731515018593
complete purchases,7,0.0,12.494005378949046,3,True,2,0.0014067524115755627,0.0,0.47312555700277825,0.2850471371240283
nt succeed,8,0.0,16.446410633809933,2,True,2,0.001607717041800643,0.0,0.6227960494500979,0.28504152500255975
nt handle,19,0.0,16.33949542989342,2,True,2,0.0038183279742765273,0.0,0.6187473625902143,0.28489497091032584
drink litre,6,0.0,12.473246818782249,3,True,2,0.0012057877813504824,0.0,0.4723394675908079,0.28482962985256677
scooby snack,3,0.0,16.446410633809933,2,True,2,0.0006028938906752412,0.0,0.6227960494500979,0.2847400780572221
weed cartridge,3,0.0,16.446410633809933,2,True,2,0.0006028938906752412,0.0,0.6227960494500979,0.2847400780572221
attend lectures,10,0.0,12.400671970979614,3,True,2,0.0020096463022508037,0.0,0.4695911883761321,0.28452113156590164
app nt,81,0.0,15.789732828601363,2,True,2,0.01627813504823151,0.0,0.5979288397013215,0.2844692084547338
goals monaco,3,0.0,16.40988475778482,2,True,2,0.0006028938906752412,0.0,0.6214128800888526,0.28446344418497316
read hangul,6,0.0,12.424612043531372,3,True,2,0.0012057877813504824,0.0,0.47049775595131677,0.2844612875246685
online multiplayer,6,0.0,12.422336498831076,3,True,2,0.0012057877813504824,0.0,0.47041158515811166,0.2844440533660275
daily wire,10,0.0,12.386249198593163,3,True,2,0.0020096463022508037,0.0,0.4690450238746856,0.28441189866561234
toxicity multiplayer,3,0.0,16.391962849787557,2,True,2,0.0006028938906752412,0.0,0.6207342096027614,0.2843277100877548
reject offers,25,0.0,12.239959756342508,3,True,2,0.00502411575562701,0.0,0.46350530528571465,0.284208295783831
gib ceiling,6,0.0,16.33949542989342,2,True,2,0.0012057877813504824,0.0,0.6187473625902143,0.284111208852448
learning streaming,256,0.0002575933640593331,10.215902274909837,3,True,2,0.05144694533762058,0.004691763633810097,0.38685788164029394,0.28397860083779747
groceries travesty,3,0.0,16.33949542989342,2,True,2,0.0006028938906752412,0.0,0.6187473625902143,0.2839303406852455
panic attack,23,0.0,12.214930961850984,3,True,2,0.004622186495176849,0.0,0.4625575097649233,0.2838981579015377
looks like,614,0.001999630065887669,6.290063357133503,3,True,2,0.12339228295819936,0.03642093676778136,0.23819340869187974,0.2837616008177811
bleed rage,6,0.0,12.330933416389998,3,True,2,0.0012057877813504824,0.0,0.46695031449429647,0.28375179923326443
wrathful envious,3,0.0,16.305548097970085,2,True,2,0.0006028938906752412,0.0,0.6174618380656254,0.28367323578032766
waste time,107,0.0,7.555368181443608,4,True,2,0.0215032154340836,0.0,0.28610823117056006,0.2836726108643371
doom gloom,7,0.0,16.260718316509305,2,True,2,0.0014067524115755627,0.0,0.615764214711014,0.2835748686656755
theater mode,8,0.0,12.28576344595563,3,True,2,0.001607717041800643,0.0,0.46523980879389343,0.28353027687131893
timeout thibs,3,0.0,16.272381234034885,2,True,2,0.0006028938906752412,0.0,0.6162058684628096,0.2834220418597645
entry challenge,28,0.0,12.092061061230194,3,True,2,0.005627009646302251,0.0,0.4579046471794762,0.28326903232978595
agenda dividing,3,0.0,16.239959756342508,2,True,2,0.0006028938906752412,0.0,0.6149781252990436,0.2831764932270113
gym coheights,3,0.0,16.224018212473485,2,True,2,0.0006028938906752412,0.0,0.6143744476477419,0.28305575769675095
governance duties,3,0.0,16.20825089661517,2,True,2,0.0006028938906752412,0.0,0.6137773676984669,0.28293634170689597
excessive drinking,10,0.0,12.186848419882944,3,True,2,0.0020096463022508037,0.0,0.46149407430866296,0.28290170875240783
non sequitur,5,0.0,16.18337622797614,2,True,2,0.0010048231511254019,0.0,0.6128354086470542,0.28286852867474843
clouds skip,12,0.0,12.163856777256715,3,True,2,0.002411575562700965,0.0,0.46062342207232954,0.2828481570832762
spice latte,3,0.0,16.146850351951024,2,True,2,0.0006028938906752412,0.0,0.6114522392858087,0.28247131602436437
uninterested blowing,3,0.0,16.146850351951024,2,True,2,0.0006028938906752412,0.0,0.6114522392858087,0.28247131602436437
optimal health,6,0.0,12.15627360583765,3,True,2,0.0012057877813504824,0.0,0.460336260982457,0.2824289885308966
yesubais story,6,0.0,12.135623096527771,3,True,2,0.0012057877813504824,0.0,0.4595542632624873,0.2822725889869026
avoid collision,8,0.0,12.115631621340306,3,True,2,0.001607717041800643,0.0,0.4587972219817693,0.2822417595088941
harp music,6,0.0,12.102456232592571,3,True,2,0.0012057877813504824,0.0,0.4582982936596715,0.2820213950663395
ship item,8,0.0,12.080088419564118,3,True,2,0.001607717041800643,0.0,0.45745126473043385,0.28197256805862697
squint eyes,6,0.0,12.091567916449835,3,True,2,0.0012057877813504824,0.0,0.4578859726718373,0.28193893086877264
dominion energy,6,0.0,12.08615442026347,3,True,2,0.0012057877813504824,0.0,0.4576809732884673,0.2818979309920986
etape prep,3,0.0,16.059387510700684,2,True,2,0.0006028938906752412,0.0,0.608140178483167,0.28180890386383595
inner conflict,10,0.0,12.031373134531089,3,True,2,0.0020096463022508037,0.0,0.4556065043300073,0.2817241947566767
derangement syndrome,6,0.0,16.01756733500606,2,True,2,0.0012057877813504824,0.0,0.6065565234966875,0.2816730410337427
classical music,9,0.0,12.032066904701175,3,True,2,0.0018086816720257234,0.0,0.4556327761610333,0.28166915973381434
binge drinking,8,0.0,12.016923418440632,3,True,2,0.001607717041800643,0.0,0.4550593195188539,0.281494179016311
jocasta syndrome,3,0.0,16.01756733500606,2,True,2,0.0006028938906752412,0.0,0.6065565234966875,0.28149217286654005
fyre festival,3,0.0,16.01756733500606,2,True,2,0.0006028938906752412,0.0,0.6065565234966875,0.28149217286654005
entry drama,21,0.0,11.900109753457883,3,True,2,0.0042202572347266884,0.0,0.45063579570609663,0.2813932363116374
write dairy,86,0.0,11.380281044739922,3,True,2,0.017282958199356914,0.0,0.4309508155977474,0.2813750505793565
divert attention,7,0.0,12.002192109119143,3,True,2,0.0014067524115755627,0.0,0.4545014712775003,0.2813223199789727
rudely interrupted,5,0.0,15.976925350508713,2,True,2,0.0010048231511254019,0.0,0.6050174844959998,0.28130494384453764
paunch burger,3,0.0,15.976925350508713,2,True,2,0.0006028938906752412,0.0,0.6050174844959998,0.28118436506640254
paced racing,3,0.0,15.976925350508713,2,True,2,0.0006028938906752412,0.0,0.6050174844959998,0.28118436506640254
smooth ride,44,0.0,11.663767465249082,3,True,2,0.008842443729903537,0.0,0.44168593748524915,0.2809899206160209
drive volvo,6,0.0,11.964455998546496,3,True,2,0.0012057877813504824,0.0,0.4530724725063069,0.28097623083566653
panic attacks,9,0.0,11.932531231150259,3,True,2,0.0018086816720257234,0.0,0.45186353886986247,0.2809153122755802
laundry inpaired,3,0.0,15.937396986322076,2,True,2,0.0006028938906752412,0.0,0.6035206162975338,0.2808849914267093
self destruct,6,0.0,11.927681831488863,3,True,2,0.0012057877813504824,0.0,0.4516799008093417,0.2806977164962735
ride scooter,10,0.0,11.882407751724424,3,True,2,0.0020096463022508037,0.0,0.44996545267548466,0.28059598442577216
nt stop,81,0.0,15.260288162046864,2,True,2,0.01627813504823151,0.0,0.5778797205303149,0.28045938462053244
nt cope,4,0.0,15.861448133088777,2,True,2,0.0008038585209003215,0.0,0.6006445695535273,0.28037007146697557
skip deals,15,0.0,11.789573277308216,3,True,2,0.0030144694533762056,0.0,0.4464499777669151,0.28019433638939584
spend time,148,0.0,6.765896107534585,4,True,2,0.0297427652733119,0.0,0.25621234083136735,0.28016529774826704
light sensitivity,6,0.0,11.855295906107182,3,True,2,0.0012057877813504824,0.0,0.44893877574763225,0.28014949148393165
vaping addictive,3,0.0,15.824922257063664,2,True,2,0.0006028938906752412,0.0,0.599261400192282,0.28003314820565894
psychological wounds,3,0.0,15.824922257063664,2,True,2,0.0006028938906752412,0.0,0.599261400192282,0.28003314820565894
caffeine intake,3,0.0,15.824922257063664,2,True,2,0.0006028938906752412,0.0,0.599261400192282,0.28003314820565894
offline mode,23,0.0,11.68392712667008,3,True,2,0.004622186495176849,0.0,0.4424493476767372,0.2798765254839005
code scanner,19,0.0,11.684143601280867,3,True,2,0.0038183279742765273,0.0,0.44245754518167657,0.2796370074286183
animal crossing,9,0.0,11.761419314757505,3,True,2,0.0018086816720257234,0.0,0.4453838377413887,0.27961937204988546
smoking weed,9,0.0,11.745970915668842,3,True,2,0.0018086816720257234,0.0,0.44479883459772585,0.27950237142115286
amphetamine addiction,3,0.0,15.754532929172266,2,True,2,0.0006028938906752412,0.0,0.5965958826936437,0.27950004470593137
listening nickelback,3,0.0,15.743128165900016,2,True,2,0.0006028938906752412,0.0,0.5961640047800357,0.27941366912320975
virtual hug,7,0.0,11.748106660012832,3,True,2,0.0014067524115755627,0.0,0.44487971140237875,0.27939796800394845
customer service,23,0.0,11.604785809667582,3,True,2,0.004622186495176849,0.0,0.439452408060253,0.2792771375606037
multiple definitions,3,0.0,15.720585597248927,2,True,2,0.0006028938906752412,0.0,0.5953103581690546,0.27924293980101356
nt argue,8,0.0,15.671116920984627,2,True,2,0.001607717041800643,0.0,0.5934370681950346,0.2791697287515471
adlersbrunn edit,3,0.0,15.698389851134731,2,True,2,0.0006028938906752412,0.0,0.5944698451050003,0.2790748371882027
outfielders edit,3,0.0,15.698389851134731,2,True,2,0.0006028938906752412,0.0,0.5944698451050003,0.2790748371882027
nt qualified,3,0.0,15.687418733313727,2,True,2,0.0006028938906752412,0.0,0.5940543885662388,0.2789917458804504
instant karma,10,0.0,11.669496825316466,3,True,2,0.0020096463022508037,0.0,0.44190289806681876,0.27898347350403896
mental health,50,0.0,11.325924565102126,3,True,2,0.01004823151125402,0.0,0.42889243328356386,0.27879295611008903
music chaos,38,0.0,11.417958058320501,3,True,2,0.007636655948553055,0.0,0.4323775764719301,0.278766512078952
comparing successfull,3,0.0,15.65499725562135,2,True,2,0.0006028938906752412,0.0,0.592826645402473,0.2787461972476972
update good,421,0.0004616444413209892,8.08239318455712,3,True,2,0.08460610932475884,0.008408316764874054,0.3060657220303443,0.27869705639471504
conference nt,3,0.0,15.644350011421842,2,True,2,0.0006028938906752412,0.0,0.5924234533764055,0.2786655588424837
deny entry,33,0.0,11.4399843646505,3,True,2,0.006631832797427652,0.0,0.43321167315550074,0.2786318844703285
buy groceries,9,0.0,11.628000523243333,3,True,2,0.0018086816720257234,0.0,0.44033150759303313,0.2786089060202144
muster energy,8,0.0,11.626722801626174,3,True,2,0.001607717041800643,0.0,0.4402831225688974,0.2785389396263197
wasting semen,3,0.0,15.623288395894011,2,True,2,0.0006028938906752412,0.0,0.5916258878018962,0.27850604572758186
seek therapist,12,0.0,11.582383262615439,3,True,2,0.002411575562700965,0.0,0.43860406381588557,0.2784442854319874
skip hits,15,0.0,11.558135716368762,3,True,2,0.0030144694533762056,0.0,0.43768585276378863,0.2784415113887706
face hahahhaha,6,0.0,11.625249912227298,3,True,2,0.0012057877813504824,0.0,0.4402273468911935,0.2784072057126439
public transportation,10,0.0,11.586899739237943,3,True,2,0.0020096463022508037,0.0,0.43877509467851933,0.2783579128263791
buggy transit,3,0.0,15.602529835727214,2,True,2,0.0006028938906752412,0.0,0.590839798389926,0.2783488278451878
syndrome sufferer,3,0.0,15.602529835727214,2,True,2,0.0006028938906752412,0.0,0.590839798389926,0.2783488278451878
cell phone,18,0.0,11.516279852926525,3,True,2,0.003617363344051447,0.0,0.43610084634636653,0.27830537827248875
unladylike depressing,3,0.0,15.592261500273388,2,True,2,0.0006028938906752412,0.0,0.5904509549579174,0.278271059158786
fees budget,21,0.0,15.446410633809933,2,True,2,0.0042202572347266884,0.0,0.5849278444467657,0.27825164605977115
meeting emigrant,3,0.0,15.571941515893792,2,True,2,0.0006028938906752412,0.0,0.5896814736237664,0.27811716289195587
voice command,12,0.0,11.533981854659984,3,True,2,0.002411575562700965,0.0,0.4367711893769785,0.278077710544206
pet peeves,3,0.0,15.56188785122987,2,True,2,0.0006028938906752412,0.0,0.5893007593892382,0.27804102004505027
burger westminster,3,0.0,15.56188785122987,2,True,2,0.0006028938906752412,0.0,0.5893007593892382,0.27804102004505027
jillian workout,3,0.0,15.56188785122987,2,True,2,0.0006028938906752412,0.0,0.5893007593892382,0.27804102004505027
mental illness,31,0.0,11.369595036759103,3,True,2,0.006229903536977492,0.0,0.4305461556568625,0.2779782021924657
lurker appreciation,3,0.0,15.551903762657247,2,True,2,0.0006028938906752412,0.0,0.5889226798763987,0.2779654041424823
nt compare,6,0.0,15.5029941621763,2,True,2,0.0012057877813504824,0.0,0.5870705610987551,0.27777584855415616
read book,74,0.0,7.0350090054496475,4,True,2,0.01487138263665595,0.0,0.2664031632186557,0.27774204743472797
eat watermelon,8,0.0,11.519316467478234,3,True,2,0.001607717041800643,0.0,0.4362158374887268,0.2777254826102855
sleep paralysis,9,0.0,11.510950886004643,3,True,2,0.0018086816720257234,0.0,0.43589904793451273,0.2777224140885103
vanish delivery,6,0.0,15.483885339228596,2,True,2,0.0012057877813504824,0.0,0.5863469442739991,0.27763112518920496
feedback star,34,0.0,11.298556869171186,3,True,2,0.006832797427652733,0.0,0.4278560677635822,0.27762105278101223
push limits,9,0.0,11.497145086479613,3,True,2,0.0018086816720257234,0.0,0.435376247087864,0.2776178539191805
smoke weed,14,0.0,11.452057196951076,3,True,2,0.0028135048231511255,0.0,0.43366884964402974,0.27757782137575127
help meeeeee,8,0.0,11.499391925496106,3,True,2,0.001607717041800643,0.0,0.43546133084835004,0.27757458128221024
nt like,271,0.0,13.362782985567444,2,True,2,0.05446141479099678,0.0,0.506024605512508,0.27754334553980065
avoid accountability,6,0.0,11.504196909257958,3,True,2,0.0012057877813504824,0.0,0.43564328695848153,0.27749039372610146
people nt,173,0.0,14.134137014217073,2,True,2,0.034766881028938906,0.0,0.5352343979995584,0.27747694390859334
qualifications skill,3,0.0,15.483885339228596,2,True,2,0.0006028938906752412,0.0,0.5863469442739991,0.27745025702200243
check ins,14,0.0,15.395784560739965,2,True,2,0.0028135048231511255,0.0,0.5830107259332384,0.27744619663359305
rode sunset,3,0.0,15.47442500997953,2,True,2,0.0006028938906752412,0.0,0.5859886985865964,0.27737860788452184
scheduling dental,3,0.0,15.46502631197728,2,True,2,0.0006028938906752412,0.0,0.5856327867638829,0.2773074255199791
annoys headlines,3,0.0,15.46502631197728,2,True,2,0.0006028938906752412,0.0,0.5856327867638829,0.2773074255199791
invade space,9,0.0,11.446410633809933,3,True,2,0.0018086816720257234,0.0,0.4334550244334367,0.2772336093882951
hand pardons,6,0.0,11.46737025244558,3,True,2,0.0012057877813504824,0.0,0.434248727568723,0.27721148184814975
force agenda,6,0.0,11.463855768269342,3,True,2,0.0012057877813504824,0.0,0.4341156403614563,0.27718486440669643
non sweeps,3,0.0,15.446410633809933,2,True,2,0.0006028938906752412,0.0,0.5849278444467657,0.27716643705655575
music lottery,18,0.0,11.365490638426365,3,True,2,0.003617363344051447,0.0,0.43039072945938306,0.27716335489509203
dinning hall,6,0.0,15.418929897387827,2,True,2,0.0012057877813504824,0.0,0.5838871982862908,0.27713917599166327
receive award,10,0.0,11.407069742177764,3,True,2,0.0020096463022508037,0.0,0.43196525548409587,0.2769959449874944
nt listen,24,0.0,15.247997075407925,2,True,2,0.00482315112540193,0.0,0.5774142791417578,0.2769298011659721
reddit streaming,214,0.0002822080432145215,9.596818349562929,3,True,2,0.0430064308681672,0.0051400913962116775,0.36341428464098957,0.276869809037701
social interaction,13,0.0,11.356501855199111,3,True,2,0.002612540192926045,0.0,0.4300503403734029,0.2767938301325584
set punchline,6,0.0,11.40988475778482,3,True,2,0.0012057877813504824,0.0,0.4320718550721914,0.2767761073488434
continued success,9,0.0,11.383305987657105,3,True,2,0.0018086816720257234,0.0,0.4310653647562587,0.27675567745285945
disgustingly unhealthy,3,0.0,15.391962849787557,2,True,2,0.0006028938906752412,0.0,0.5828660045994292,0.27675406908708844
wa state,12,0.0,11.358403892443485,3,True,2,0.002411575562700965,0.0,0.4301223671096968,0.27674794609074965
halt browsing,17,0.0,15.268528908539277,2,True,2,0.0034163987138263667,0.0,0.5781917828078701,0.27666327617572195
avoid conflicts,8,0.0,11.378666027174098,3,True,2,0.001607717041800643,0.0,0.4308896577814808,0.2766602466688364
ladles netflix,3,0.0,15.365490638426365,2,True,2,0.0006028938906752412,0.0,0.581863549472712,0.27655357806174496
nt breathe,6,0.0,15.339495429893422,2,True,2,0.0012057877813504824,0.0,0.5808791575868821,0.2765375678517816
nt listened,4,0.0,15.339495429893422,2,True,2,0.0008038585209003215,0.0,0.5808791575868821,0.27641698907364654
shooting spree,3,0.0,15.32242191653448,2,True,2,0.0006028938906752412,0.0,0.5802326142828786,0.27622739102377836
reject tickets,23,0.0,11.200431392155869,3,True,2,0.004622186495176849,0.0,0.4241402320839164,0.2762147023653363
trae crunch,3,0.0,15.313960337786284,2,True,2,0.0006028938906752412,0.0,0.5799121894841901,0.2761633060640406
mos trouble,3,0.0,15.313960337786284,2,True,2,0.0006028938906752412,0.0,0.5799121894841901,0.2761633060640406
dominate conversation,6,0.0,11.296663514305251,3,True,2,0.0012057877813504824,0.0,0.4277843698133749,0.2759186102970801
reread article,6,0.0,11.287833310070928,3,True,2,0.0012057877813504824,0.0,0.4274499858292083,0.27585173350024683
praying nt,4,0.0,15.264207302589185,2,True,2,0.0008038585209003215,0.0,0.5780281313478083,0.2758467838258317
play farmville,6,0.0,11.282664207296746,3,True,2,0.0012057877813504824,0.0,0.42725424118567223,0.27581258457153957
provide reasoning,6,0.0,11.272381234034885,3,True,2,0.0012057877813504824,0.0,0.42686484344614833,0.27573470502363484
narizones physical,3,0.0,15.247997075407925,2,True,2,0.0006028938906752412,0.0,0.5774142791417578,0.27566372399555417
football fundamentals,3,0.0,15.239959756342508,2,True,2,0.0006028938906752412,0.0,0.5771099202957114,0.27560285222634484
tobacco addictive,3,0.0,15.239959756342508,2,True,2,0.0006028938906752412,0.0,0.5771099202957114,0.27560285222634484
inform totes,3,0.0,15.239959756342508,2,True,2,0.0006028938906752412,0.0,0.5771099202957114,0.27560285222634484
burger stuffing,3,0.0,15.239959756342508,2,True,2,0.0006028938906752412,0.0,0.5771099202957114,0.27560285222634484
focused presenter,3,0.0,15.239959756342508,2,True,2,0.0006028938906752412,0.0,0.5771099202957114,0.27560285222634484
nicotine tobacco,3,0.0,15.239959756342508,2,True,2,0.0006028938906752412,0.0,0.5771099202957114,0.27560285222634484
travel drama,31,0.0,11.04544911662192,3,True,2,0.006229903536977492,0.0,0.41827133150211393,0.27552323736151607
ins travel,7,0.0,15.19265404156415,2,True,2,0.0014067524115755627,0.0,0.5753185377906553,0.27548573328160375
hardcore mode,6,0.0,11.238457731177276,3,True,2,0.0012057877813504824,0.0,0.4255802212855052,0.2754777805915062
received mutes,3,0.0,15.216113014388139,2,True,2,0.0006028938906752412,0.0,0.5762068869827218,0.27542224556374695
food poisoning,7,0.0,11.215374118064233,3,True,2,0.0014067524115755627,0.0,0.4247060862919229,0.2753632429818572
missing sitters,3,0.0,15.20825089661517,2,True,2,0.0006028938906752412,0.0,0.5759091626951346,0.2753627007062295
nt slept,3,0.0,15.20825089661517,2,True,2,0.0006028938906752412,0.0,0.5759091626951346,0.2753627007062295
spark joy,14,0.0,11.152496915092167,3,True,2,0.0028135048231511255,0.0,0.4223250394797406,0.2753090593428935
nt use,58,0.0,14.759278640822915,2,True,2,0.011655948553054662,0.0,0.558907389271985,0.2752782624203134
nt work,83,0.0,14.550346229347177,2,True,2,0.016680064308681672,0.0,0.5509954938823812,0.27520311806908077
nt provide,8,0.0,15.146850351951025,2,True,2,0.001607717041800643,0.0,0.5735840342824766,0.2751991219690355
easily circumvented,3,0.0,15.184918392784544,2,True,2,0.0006028938906752412,0.0,0.5750256026568354,0.2751859886985697
secondary school,53,0.0,10.811523806498398,3,True,2,0.01065112540192926,0.0,0.4094129999028883,0.27507793760115645
oklahoma state,6,0.0,11.165758814501089,3,True,2,0.0012057877813504824,0.0,0.42282724380529124,0.27492718509546343
family reunification,6,0.0,11.162431893149886,3,True,2,0.0012057877813504824,0.0,0.4227012592655339,0.27490198818751194
new orleans,33,0.0,10.94479857101793,3,True,2,0.006631832797427652,0.0,0.4144598760074848,0.27488152504072527
spring training,8,0.0,11.14262988563283,3,True,2,0.001607717041800643,0.0,0.42195139278540056,0.27487259366962036
drunk junker,3,0.0,15.139355815404102,2,True,2,0.0006028938906752412,0.0,0.5733002296361127,0.2748409140944251
toilet paper,15,0.0,11.080088419564117,3,True,2,0.0030144694533762056,0.0,0.4195830597271015,0.27482095278143315
achieve goals,9,0.0,11.124482538922571,3,True,2,0.0018086816720257234,0.0,0.4212641853399099,0.2747954415695897
nt prepared,5,0.0,15.111226442220303,2,True,2,0.0010048231511254019,0.0,0.5722350207657734,0.27474845109849233
botanical garden,3,0.0,15.117103008556974,2,True,2,0.0006028938906752412,0.0,0.5724575557845261,0.2746723793241078
shopping challenge,22,0.0,10.96920431344466,3,True,2,0.0044212218649517685,0.0,0.4153840776649587,0.27440318209247727
respond inquiries,3,0.0,15.080761161493253,2,True,2,0.0006028938906752412,0.0,0.5710813552697174,0.27439713922114606
fad diet,3,0.0,15.080761161493253,2,True,2,0.0006028938906752412,0.0,0.5710813552697174,0.27439713922114606
write blog,22,0.0,6.99888229816747,4,True,2,0.0044212218649517685,0.0,0.26503510966119886,0.2743333884917253
instant offense,6,0.0,11.082556675154867,3,True,2,0.0012057877813504824,0.0,0.4196765281358127,0.2742970419615677
kept looping,3,0.0,15.066476935487005,2,True,2,0.0006028938906752412,0.0,0.5705404372709989,0.2742889556214023
year old,277,0.0007797446152143871,8.441991617958106,3,True,2,0.055667202572347266,0.014202141591191967,0.31968306922525,0.2741873100145522
handed reigns,3,0.0,15.052332753166736,2,True,2,0.0006028938906752412,0.0,0.5700048224752904,0.2741818326622607
interest coprophagia,3,0.0,15.052332753166736,2,True,2,0.0006028938906752412,0.0,0.5700048224752904,0.2741818326622607
oatmeal bath,3,0.0,15.052332753166736,2,True,2,0.0006028938906752412,0.0,0.5700048224752904,0.2741818326622607
shopping anarchy,7,0.0,15.017567335006058,2,True,2,0.0014067524115755627,0.0,0.5686883184933553,0.27415968942214375
lose input,81,0.0,10.464608151619322,3,True,2,0.01627813504823151,0.0,0.3962759267650622,0.27413862586748194
nt fired,4,0.0,15.038325895172857,2,True,2,0.0008038585209003215,0.0,0.5694744079053257,0.2741360391373352
gerling awake,3,0.0,15.038325895172855,2,True,2,0.0006028938906752412,0.0,0.5694744079053256,0.27407574974826765
nt feel,328,0.0,12.450264429379983,2,True,2,0.06591639871382636,0.0,0.4714691657574565,0.27406875276563925
